{"cameraMode":{"drawMode":0,"name":"Shaded","section":"Shading Mode"},"sceneLighting":true,"audioPlay":false,"sceneViewState":{"m_AlwaysRefresh":false,"showFog":true,"showSkybox":true,"showFlares":true,"showImageEffects":true,"showParticleSystems":true,"showVisualEffectGraphs":true,"m_FxEnabled":false},"in2DMode":false,"pivot":{"x":619.5465698242188,"y":369.1565856933594,"z":-11.03375244140625},"rotation":{"x":0.09764111787080765,"y":0.01523641962558031,"z":-0.0015068086795508862,"w":0.9951049089431763},"size":457.4798583984375,"orthographic":true}